,block,scale,pop_mode_acc,copy_forward_acc,demo_cell_acc,knn50_acc,pop_mean_nmae,copy_forward_nmae,demo_cell_nmae,knn50_nmae,text
QID287_1,False consensus ,ordinal_short,0.3775510204081632,0.6433430515063168,0.3649173955296404,0.3969873663751215,0.2764199251823456,0.1144314868804664,0.26469873663751214,0.24210398445092324,Would you support or oppose...
QID287_2,False consensus ,ordinal_short,0.3556851311953353,0.5495626822157434,0.30612244897959184,0.3746355685131195,0.2410254466912407,0.1429786200194363,0.2435617103984451,0.21902332361516036,Would you support or oppose...
QID287_3,False consensus ,ordinal_short,0.3445092322643343,0.6107871720116618,0.35422740524781343,0.44946550048590866,0.2665435603645873,0.1214771622934888,0.282312925170068,0.21270651117589892,Would you support or oppose...
QID287_4,False consensus ,ordinal_short,0.4805636540330418,0.6715257531584062,0.478134110787172,0.5272108843537415,0.2522684000713988,0.1053206997084548,0.25838192419825073,0.21282798833819241,Would you support or oppose...
QID287_5,False consensus ,ordinal_short,0.3887269193391642,0.565597667638484,0.4013605442176871,0.44509232264334303,0.1819880180310358,0.1423712342079689,0.2022594752186589,0.1946064139941691,Would you support or oppose...
QID287_6,False consensus ,ordinal_short,0.3872691933916424,0.6530612244897959,0.3848396501457726,0.4805636540330418,0.2867507963896373,0.1118804664723032,0.3117103984450923,0.23675898931000972,Would you support or oppose...
QID287_7,False consensus ,ordinal_short,0.5223517978620019,0.6686103012633625,0.5257531584062196,0.5505344995140914,0.2144596072498137,0.1056851311953352,0.19412050534499514,0.18185131195335277,Would you support or oppose...
QID287_10,False consensus ,ordinal_short,0.5369290573372206,0.673955296404276,0.5369290573372206,0.5753158406219631,0.2534207213358758,0.1149173955296404,0.23542274052478135,0.2001943634596696,Would you support or oppose...
QID287_11,False consensus ,ordinal_short,0.2551020408163265,0.6132167152575316,0.2857142857142857,0.3780369290573372,0.3090525395219867,0.129980563654033,0.3978377065111759,0.29640427599611274,Would you support or oppose...
QID287_12,False consensus ,ordinal_short,0.3245869776482021,0.5116618075801749,0.3051506316812439,0.3498542274052478,0.2545939380889104,0.1672740524781341,0.2625121477162293,0.25400874635568516,Would you support or oppose...
QID154,Base-rate 30 engineers ,continuous,0.3528283796740172,0.274209012464046,0.35186960690316393,0.35091083413231067,0.2266160744735712,0.183633748801534,0.24220517737296263,0.2419175455417066,"A panel of psychologist have interviewed and administered personality tests to 30 engineers and 70 lawyers, all successful in their respective fields. On the ba"
QID158,Disease-loss,ordinal_short,0.357345971563981,0.3601895734597156,0.3222748815165877,0.3222748815165877,0.1889815592641674,0.1998104265402843,0.19450236966824647,0.19298578199052133,"Imagine that the U.S. is preparing for the outbreak of an unusual disease, which is expected to kill 600 people. Two alternative programs to combat the disease "
QID160_1,Linda-conjunction,ordinal_short,0.4042759961127308,0.3683187560738581,0.3858114674441205,0.37998056365403304,0.1666091509490093,0.188338192419825,0.16559766763848396,0.17142857142857143,"Linda is 31 years old, single, outspoken, and very bright. She majored in philosophy. As a student, she was deeply concerned with issues of discrimination and s"
QID160_2,Linda-conjunction,ordinal_short,0.3595724003887269,0.3965014577259475,0.34499514091350825,0.3556851311953353,0.1856535589384997,0.1760932944606414,0.18231292517006803,0.19067055393586005,"Linda is 31 years old, single, outspoken, and very bright. She majored in philosophy. As a student, she was deeply concerned with issues of discrimination and s"
QID160_3,Linda-conjunction,ordinal_short,0.3488824101068999,0.3654033041788144,0.34110787172011664,0.3430515063168124,0.1920947526588033,0.188338192419825,0.18833819241982508,0.18717201166180758,"Linda is 31 years old, single, outspoken, and very bright. She majored in philosophy. As a student, she was deeply concerned with issues of discrimination and s"
QID161,Outcome bias - success ,ordinal_short,0.526615969581749,0.5190114068441065,0.5304182509505704,0.526615969581749,0.1287914383611155,0.1142268694550063,0.10804816223067175,0.1085234474017744,A 55-year-old man had a heart condition. He had to stop working because of chest pain. He enjoyed his work and did not want to stop. His pain also interfered wi
QID165,Anchoring - African countries high,binary,0.8153409090909091,0.8077651515151515,0.8153409090909091,0.8153409090909091,0.2897727272727274,0.1922348484848484,0.1846590909090909,0.1846590909090909,Do you think there are more or fewer than 65 African countries in the United Nations?
QID166_TEXT,Anchoring - African countries high,continuous,0.1856060606060606,0.2225378787878787,0.16950757575757575,0.19223484848484848,0.0033060003443526,0.0042125,0.017138257575757574,0.01706912878787879,How many African countries do you think are in the United Nations?
QID169,Anchoring - redwood high,binary,0.686818632309217,0.7770069375619425,0.688800792864222,0.6838453914767096,0.4446394736764559,0.2229930624380574,0.311199207135778,0.31615460852329036,Is the tallest redwood tree in the world more or less than 1000 feet tall?
QID170_TEXT,Anchoring - redwood high,text,0.0812685827552031,0.1803766105054509,0.07333994053518335,0.08919722497522299,0.0351500747451987,0.0271383614139411,0.03893734243707897,0.03642807791914134,How tall do you think the tallest redwood tree in the world is? Enter a number of feet.
QID171,Less is More Gamble A ,ordinal_short,0.4122448979591837,0.5034013605442177,0.4231292517006803,0.4204081632653061,0.2500347077606553,0.1979591836734693,0.282312925170068,0.2785714285714286,"Please rate your level of disagreement or agreement with the following statement: ""I would find a game that had a 7/36 chance of winning $9 and a 29/36 chance o"
QID174,Proportion dominance 1A ,ordinal_short,0.4176870748299319,0.5714285714285714,0.41496598639455784,0.42993197278911566,0.2168221574344023,0.1445578231292517,0.2510204081632653,0.23299319727891157,Imagine that highway safety experts have determined that a substantial number of people are at risk of dying in a type of automobile fire. A requirement that ev
QID177,Proportion dominance 2A,ordinal_short,0.2693877551020408,0.4639455782312925,0.2612244897959184,0.308843537414966,0.239067055393586,0.1469387755102041,0.2919727891156463,0.2617687074829932,"You have recently graduated from university, obtained a good job, and are buying a new car. A newly designed seatbelt has just become available that would save "
QID181_TEXT,Sunk cost - no,ordinal_long,0.2241545893719806,0.3758454106280193,0.25217391304347825,0.22995169082125605,0.1944346425820906,0.179951690821256,0.25478260869565217,0.25183574879227055,"Imagine that Coffee Connection sells coffee for $1.50 per cup. Java Coffee, a competitor, sells coffee for just $2.00 per cup. Although the Coffee Connection st"
QID184,Absolute vs. relative - jacket,binary,0.7088607594936709,0.7740993184031159,0.7088607594936709,0.685491723466407,0.4347183020472558,0.2259006815968841,0.2911392405063291,0.314508276533593,Imagine that you go to purchase a jacket for $250. The jacket salesperson informs you that the jacket you wish to buy is on sale for $240 at the other branch of
QID191,WTA/WTP Thaler - WTP noncertainty,ordinal_short,0.3833580980683507,0.5720653789004457,0.3655274888558692,0.3313521545319465,0.1022232819909718,0.0695063562819877,0.10070992240383028,0.10929503054317319,"Imagine that when you went to the movies last week, you were inadvertently exposed to a rare and fatal virus. The possibility of actually contracting the diseas"
QID192,Allais Form 1,binary,0.6355851569933397,0.7706945765937203,0.621313035204567,0.6403425309229306,0.4480106391357603,0.2293054234062797,0.3786869647954329,0.35965746907706947,Choose between:
QID195,Myside German,ordinal_short,0.3298178331735378,0.4582933844678811,0.2914669223394056,0.3346116970278044,0.2041617908367797,0.1522531160115052,0.22224352828379673,0.21764141898370087,"According to a comprehensive study by the U.S. Department of Transportation, a particular German car is 8 times more likely than a typical family car to kill oc"
QID203_1,Probability matching vs. maximizing - Problem 2,binary,0.9600389863547758,0.9337231968810916,0.9600389863547758,0.9600389863547758,0.0803153106938886,0.0662768031189083,0.03996101364522417,0.03996101364522417,Consider the following situation: A die with 4 red faces and 2 green faces will be rolled 6 times. Before each roll you will be asked to predict which color (re
QID203_2,Probability matching vs. maximizing - Problem 2,binary,0.8664717348927875,0.8206627680311891,0.8664717348927875,0.8664717348927875,0.2385406335852627,0.1793372319688109,0.13352826510721247,0.13352826510721247,Consider the following situation: A die with 4 red faces and 2 green faces will be rolled 6 times. Before each roll you will be asked to predict which color (re
QID203_3,Probability matching vs. maximizing - Problem 2,binary,0.6588693957115009,0.7173489278752436,0.6461988304093568,0.6539961013645225,0.444566039313141,0.2826510721247563,0.3538011695906433,0.3460038986354776,Consider the following situation: A die with 4 red faces and 2 green faces will be rolled 6 times. Before each roll you will be asked to predict which color (re
QID203_4,Probability matching vs. maximizing - Problem 2,binary,0.8099415204678363,0.7456140350877193,0.8099415204678363,0.8099415204678363,0.3157267763300388,0.2543859649122807,0.19005847953216373,0.19005847953216373,Consider the following situation: A die with 4 red faces and 2 green faces will be rolled 6 times. Before each roll you will be asked to predict which color (re
QID203_5,Probability matching vs. maximizing - Problem 2,binary,0.6267056530214425,0.6783625730994152,0.6091617933723197,0.621832358674464,0.4644335009062617,0.3216374269005848,0.3908382066276803,0.37816764132553604,Consider the following situation: A die with 4 red faces and 2 green faces will be rolled 6 times. Before each roll you will be asked to predict which color (re
QID203_6,Probability matching vs. maximizing - Problem 2,binary,0.6072124756335283,0.6744639376218323,0.5779727095516569,0.6052631578947368,0.4807728113873594,0.3255360623781676,0.4220272904483431,0.39473684210526316,Consider the following situation: A die with 4 red faces and 2 green faces will be rolled 6 times. Before each roll you will be asked to predict which color (re
QID288_1,Non-experimental heuristics and biases ,ordinal_short,0.4062196307094266,0.5728862973760933,0.40864917395529643,0.45286686103012636,0.1123801086911695,0.0928085519922254,0.1254454162617428,0.11929057337220601,"Please rate the following technology or products from ""not at all beneficial"" to ""extremely beneficial"""
QID288_2,Non-experimental heuristics and biases ,ordinal_short,0.3352769679300291,0.4965986394557823,0.3551992225461613,0.3430515063168124,0.2067056495419677,0.1323291221250405,0.19792678976352443,0.2202785876255264,"Please rate the following technology or products from ""not at all beneficial"" to ""extremely beneficial"""
QID288_3,Non-experimental heuristics and biases ,ordinal_short,0.2050534499514091,0.3960155490767735,0.2249757045675413,0.2303206997084548,0.2312072823020642,0.1644800777453838,0.23509880142533204,0.26206673145448656,"Please rate the following technology or products from ""not at all beneficial"" to ""extremely beneficial"""
QID288_4,Non-experimental heuristics and biases ,ordinal_short,0.282312925170068,0.4110787172011662,0.272108843537415,0.26141885325558795,0.2319637698200202,0.1516844833171363,0.23145448655652737,0.23825720764496275,"Please rate the following technology or products from ""not at all beneficial"" to ""extremely beneficial"""
QID289_1,Non-experimental heuristics and biases ,ordinal_short,0.3163265306122449,0.4173955296404276,0.29737609329446063,0.2891156462585034,0.2066467014405373,0.1783284742468416,0.239067055393586,0.24611273080660837,"Please rate the following technology or products from ""not at all risky"" to ""extremely risky"""
QID289_2,Non-experimental heuristics and biases ,ordinal_short,0.3654033041788144,0.488824101068999,0.35714285714285715,0.3595724003887269,0.1588031158596994,0.1256883705863297,0.15905409782960803,0.15630061548428895,"Please rate the following technology or products from ""not at all risky"" to ""extremely risky"""
QID289_3,Non-experimental heuristics and biases ,ordinal_short,0.3177842565597668,0.4470359572400388,0.31341107871720114,0.33867832847424684,0.1593069686572393,0.1293326854551344,0.15565273728539034,0.15962099125364432,"Please rate the following technology or products from ""not at all risky"" to ""extremely risky"""
QID289_4,Non-experimental heuristics and biases ,ordinal_short,0.3386783284742468,0.4791059280855199,0.3430515063168124,0.34110787172011664,0.1550827744675546,0.1196954972465176,0.15403304178814384,0.16423712342079688,"Please rate the following technology or products from ""not at all risky"" to ""extremely risky"""
QID291,Non-experimental heuristics and biases ,ordinal_short,0.3926141885325558,0.531584062196307,0.3780369290573372,0.3989310009718173,0.2849093175147795,0.1942014901198574,0.27129899578879174,0.28215095562034337,Imagine that there will be a deadly flu going around your area next winter. Your doctor says that you have a 10% chance (10 out of 100) of dying from this flu. 
QID196,Non-experimental heuristics and biases ,binary,0.6214771622934888,0.7215743440233237,0.6243926141885325,0.6282798833819242,0.4661186145984146,0.2784256559766764,0.37560738581146746,0.3717201166180758,"Assume that you are presented with two trays of black and white marbles, a large tray that contains 100 marbles and a small tray that contains 10 marbles. The m"
QID290_1,Non-experimental heuristics and biases ,continuous,0.0777453838678328,0.1132167152575315,0.06705539358600583,0.07580174927113703,0.1658277918969892,0.1356511175898931,0.1911516034985423,0.18085519922254614,"What percentage of the public do you think supports the following policies? For each policy, choose a number from 0% to 100%."
QID290_2,Non-experimental heuristics and biases ,continuous,0.0787172011661807,0.0840621963070942,0.061710398445092324,0.06316812439261418,0.1713755086929954,0.1544071914480077,0.20106413994169095,0.1923177842565598,"What percentage of the public do you think supports the following policies? For each policy, choose a number from 0% to 100%."
QID290_3,Non-experimental heuristics and biases ,continuous,0.0631681243926141,0.0821185617103984,0.052964042759961125,0.056365403304178816,0.1809671801526385,0.1514723032069971,0.20298833819241982,0.2052672497570457,"What percentage of the public do you think supports the following policies? For each policy, choose a number from 0% to 100%."
QID290_4,Non-experimental heuristics and biases ,continuous,0.0617103984450923,0.0830903790087463,0.04421768707482993,0.05344995140913508,0.1822967471036727,0.153357628765792,0.21976190476190474,0.22763362487852284,"What percentage of the public do you think supports the following policies? For each policy, choose a number from 0% to 100%."
QID290_5,Non-experimental heuristics and biases ,continuous,0.0772594752186588,0.0772594752186588,0.0641399416909621,0.06802721088435375,0.1644178823827184,0.1598396501457726,0.19259475218658892,0.19244412050534498,"What percentage of the public do you think supports the following policies? For each policy, choose a number from 0% to 100%."
QID290_6,Non-experimental heuristics and biases ,continuous,0.0738581146744412,0.0816326530612244,0.057337220602526724,0.06656948493683187,0.1650054540766743,0.1547133138969873,0.18489310009718174,0.18188532555879494,"What percentage of the public do you think supports the following policies? For each policy, choose a number from 0% to 100%."
QID290_7,Non-experimental heuristics and biases ,continuous,0.0573372206025267,0.097667638483965,0.05150631681243926,0.06948493683187561,0.1736811759272639,0.1443537414965986,0.21881438289601554,0.2237220602526725,"What percentage of the public do you think supports the following policies? For each policy, choose a number from 0% to 100%."
QID290_10,Non-experimental heuristics and biases ,continuous,0.0505344995140913,0.0869776482021379,0.04907677356656948,0.0500485908649174,0.1942372650851261,0.1628571428571428,0.22813896987366378,0.24955296404275995,"What percentage of the public do you think supports the following policies? For each policy, choose a number from 0% to 100%."
QID290_11,Non-experimental heuristics and biases ,continuous,0.0738581146744412,0.0932944606413994,0.0641399416909621,0.06511175898931001,0.1723460840673906,0.1497813411078717,0.18970359572400392,0.21364431486880467,"What percentage of the public do you think supports the following policies? For each policy, choose a number from 0% to 100%."
QID290_12,Non-experimental heuristics and biases ,continuous,0.0932944606413994,0.0840621963070942,0.08017492711370262,0.08697764820213799,0.1855744110777727,0.1617832847424684,0.20806608357628764,0.22145286686103013,"What percentage of the public do you think supports the following policies? For each policy, choose a number from 0% to 100%."
QID9_1,Product Preferences - Pricing,binary,0.5563654033041788,0.8377065111758989,0.5612244897959183,0.6005830903790087,0.4924407913936087,0.162293488824101,0.4387755102040816,0.39941690962099125,"Please consider the following product category: Dairy Products. Suppose you are in a grocery store, and you see the following product in that category: Land O L"
QID9_2,Product Preferences - Pricing,binary,0.5573372206025268,0.8328474246841594,0.5553935860058309,0.5879494655004859,0.4920875749994569,0.1671525753158406,0.4446064139941691,0.41205053449951407,"Please consider the following product category: Pain Remedies - Headache. Suppose you are in a grocery store, and you see the following product in that category"
QID9_3,Product Preferences - Pricing,binary,0.543245869776482,0.8483965014577259,0.5529640427599611,0.5806608357628765,0.4958393186512422,0.151603498542274,0.44703595724003886,0.4193391642371234,"Please consider the following product category: Cat Food - Wet Type. Suppose you are in a grocery store, and you see the following product in that category: Pur"
QID9_4,Product Preferences - Pricing,binary,0.5417881438289601,0.8304178814382897,0.5451895043731778,0.5680272108843537,0.495086136634301,0.1695821185617104,0.45481049562682213,0.43197278911564624,"Please consider the following product category: Frozen Italian Entrees. Suppose you are in a grocery store, and you see the following product in that category: "
QID9_5,Product Preferences - Pricing,binary,0.5451895043731778,0.8289601554907677,0.5354713313896987,0.5855199222546161,0.495564489852584,0.1710398445092322,0.4645286686103013,0.41448007774538387,"Please consider the following product category: Refrigerated Deli Meats. Suppose you are in a grocery store, and you see the following product in that category:"
QID9_6,Product Preferences - Pricing,binary,0.5505344995140914,0.8522837706511176,0.5597667638483965,0.5879494655004859,0.4930263372876569,0.1477162293488824,0.4402332361516035,0.41205053449951407,"Please consider the following product category: Snacks - Potato Chips. Suppose you are in a grocery store, and you see the following product in that category: L"
QID9_7,Product Preferences - Pricing,binary,0.5471331389698737,0.8216715257531584,0.5621963070942663,0.576773566569485,0.4948698624250477,0.1783284742468416,0.43780369290573373,0.4232264334305151,"Please consider the following product category: Bottled Water. Suppose you are in a grocery store, and you see the following product in that category: OZARKA Br"
QID9_8,Product Preferences - Pricing,binary,0.5641399416909622,0.8411078717201166,0.5724003887269193,0.5792031098153547,0.492208461893712,0.1588921282798834,0.42759961127308066,0.4207968901846453,"Please consider the following product category: Pet Supplies - Dog Food. Suppose you are in a grocery store, and you see the following product in that category:"
QID9_9,Product Preferences - Pricing,binary,0.5714285714285714,0.8425655976676385,0.56511175898931,0.6054421768707483,0.4902124114952103,0.1574344023323615,0.43488824101069,0.3945578231292517,"Please consider the following product category: Fresh Fruit. Suppose you are in a grocery store, and you see the following product in that category: Fresh Raspb"
QID9_10,Product Preferences - Pricing,binary,0.5485908649173955,0.8459669582118562,0.5534499514091351,0.5830903790087464,0.4946639769332695,0.1540330417881438,0.4465500485908649,0.41690962099125367,"Please consider the following product category: Lunchmeat - Sliced - Refrigerated. Suppose you are in a grocery store, and you see the following product in that"
QID9_11,Product Preferences - Pricing,binary,0.5578231292517006,0.8527696793002916,0.5694849368318756,0.5966958211856171,0.4922452946193054,0.1472303206997084,0.4305150631681244,0.4033041788143829,"Please consider the following product category: Refrigerated Entrees. Suppose you are in a grocery store, and you see the following product in that category: Jo"
QID9_12,Product Preferences - Pricing,binary,0.5621963070942663,0.8454810495626822,0.5524781341107872,0.597667638483965,0.4905708222480996,0.1545189504373177,0.44752186588921283,0.40233236151603496,"Please consider the following product category: Beer. Suppose you are in a grocery store, and you see the following product in that category: Stella Artois Lage"
QID9_13,Product Preferences - Pricing,binary,0.5641399416909622,0.8381924198250729,0.5544217687074829,0.5903790087463557,0.490961815796706,0.1618075801749271,0.445578231292517,0.4096209912536443,"Please consider the following product category: Cereal - Ready to Eat. Suppose you are in a grocery store, and you see the following product in that category: C"
QID9_14,Product Preferences - Pricing,binary,0.5753158406219631,0.8406219630709426,0.5738581146744413,0.597667638483965,0.486459251200133,0.1593780369290573,0.4261418853255588,0.40233236151603496,"Please consider the following product category: Cleaning Supplies. Suppose you are in a grocery store, and you see the following product in that category: ARM &"
QID9_15,Product Preferences - Pricing,binary,0.5524781341107872,0.8435374149659864,0.5549076773566569,0.5966958211856171,0.494288094246445,0.1564625850340136,0.44509232264334303,0.4033041788143829,"Please consider the following product category: Frozen Novelties. Suppose you are in a grocery store, and you see the following product in that category: Pop-Ic"
QID9_16,Product Preferences - Pricing,binary,0.5510204081632653,0.8338192419825073,0.5524781341107872,0.5743440233236151,0.492314710140616,0.1661807580174927,0.44752186588921283,0.42565597667638483,"Please consider the following product category: Soft Drinks - Carbonated. Suppose you are in a grocery store, and you see the following product in that category"
QID9_17,Product Preferences - Pricing,binary,0.5549076773566569,0.8454810495626822,0.5490767735665695,0.6020408163265306,0.4929030893212484,0.1545189504373177,0.4509232264334305,0.3979591836734694,"Please consider the following product category: Toilet Tissue. Suppose you are in a grocery store, and you see the following product in that category: Angel Sof"
QID9_18,Product Preferences - Pricing,binary,0.5422740524781341,0.8318756073858115,0.5174927113702624,0.5709426627793974,0.4949468333772492,0.1681243926141885,0.48250728862973763,0.4290573372206025,"Please consider the following product category: Baby Milk and Milk Flavoring. Suppose you are in a grocery store, and you see the following product in that cate"
QID9_19,Product Preferences - Pricing,binary,0.5500485908649174,0.8435374149659864,0.5587949465500486,0.577259475218659,0.493920239204942,0.1564625850340136,0.4412050534499514,0.4227405247813411,"Please consider the following product category: Ground and Whole Bean Coffee. Suppose you are in a grocery store, and you see the following product in that cate"
QID9_20,Product Preferences - Pricing,binary,0.5738581146744413,0.8551992225461613,0.5879494655004859,0.5947521865889213,0.4893770641673301,0.1448007774538386,0.41205053449951407,0.40524781341107874,"Please consider the following product category: Frozen Foods. Suppose you are in a grocery store, and you see the following product in that category: Great Valu"
QID9_21,Product Preferences - Pricing,binary,0.54421768707483,0.8411078717201166,0.5306122448979592,0.5864917395529641,0.4958747347335435,0.1588921282798834,0.46938775510204084,0.413508260447036,"Please consider the following product category: Yogurt - Refrigerated. Suppose you are in a grocery store, and you see the following product in that category: C"
QID9_22,Product Preferences - Pricing,binary,0.5490767735665695,0.8367346938775511,0.5403304178814383,0.5801749271137027,0.4936567435526203,0.1632653061224489,0.45966958211856174,0.4198250728862974,"Please consider the following product category: Dairy - Milk - Refrigerated. Suppose you are in a grocery store, and you see the following product in that categ"
QID9_23,Product Preferences - Pricing,binary,0.5850340136054422,0.8488824101068999,0.5631681243926142,0.5830903790087464,0.4866127208901054,0.1511175898931001,0.4368318756073858,0.41690962099125367,"Please consider the following product category: Soft Drinks - Low Calorie. Suppose you are in a grocery store, and you see the following product in that categor"
QID9_24,Product Preferences - Pricing,binary,0.5510204081632653,0.8440233236151603,0.5714285714285714,0.5821185617103984,0.4930584478689435,0.1559766763848396,0.42857142857142855,0.41788143828960156,"Please consider the following product category: Paper Towels. Suppose you are in a grocery store, and you see the following product in that category: Bounty Sel"
QID9_25,Product Preferences - Pricing,binary,0.5578231292517006,0.8357628765792031,0.5553935860058309,0.5952380952380952,0.4919643270330484,0.1642371234207968,0.4446064139941691,0.40476190476190477,"Please consider the following product category: Candy - Non-Chocolate. Suppose you are in a grocery store, and you see the following product in that category: H"
QID9_26,Product Preferences - Pricing,binary,0.5573372206025268,0.8391642371234208,0.5417881438289601,0.5699708454810496,0.4921432963022776,0.1608357628765792,0.4582118561710398,0.43002915451895046,"Please consider the following product category: Bakery - Fresh Cakes. Suppose you are in a grocery store, and you see the following product in that category: Li"
QID9_27,Product Preferences - Pricing,binary,0.5670553935860059,0.8381924198250729,0.5694849368318756,0.5942662779397473,0.4905509892420108,0.1618075801749271,0.4305150631681244,0.40573372206025266,"Please consider the following product category: Fruit Drinks. Suppose you are in a grocery store, and you see the following product in that category: Kool Aid J"
QID9_28,Product Preferences - Pricing,binary,0.5724003887269193,0.8396501457725948,0.5607385811467445,0.6034985422740525,0.4888127679226626,0.1603498542274052,0.4392614188532556,0.3965014577259475,"Please consider the following product category: Snacks - Tortilla Chips. Suppose you are in a grocery store, and you see the following product in that category:"
QID9_29,Product Preferences - Pricing,binary,0.5602526724975705,0.8377065111758989,0.5529640427599611,0.5816326530612245,0.4921536850197527,0.162293488824101,0.44703595724003886,0.41836734693877553,"Please consider the following product category: Refrigerated Bacon. Suppose you are in a grocery store, and you see the following product in that category: Osca"
QID9_30,Product Preferences - Pricing,binary,0.5529640427599611,0.8323615160349854,0.5617103984450923,0.5641399416909622,0.4925881222959821,0.1676384839650145,0.4382896015549077,0.4358600583090379,"Please consider the following product category: Soup. Suppose you are in a grocery store, and you see the following product in that category: Maruchan Ramen Noo"
QID9_31,Product Preferences - Pricing,binary,0.5685131195335277,0.8372206025267249,0.5714285714285714,0.6000971817298348,0.4874825398714255,0.162779397473275,0.42857142857142855,0.3999028182701652,"Please consider the following product category: Light Beer (Low Calorie/Alcohol). Suppose you are in a grocery store, and you see the following product in that "
QID9_32,Product Preferences - Pricing,binary,0.5519922254616132,0.8357628765792031,0.5592808551992225,0.5680272108843537,0.4926735931079359,0.1642371234207968,0.44071914480077745,0.43197278911564624,"Please consider the following product category: Candy - Chocolate. Suppose you are in a grocery store, and you see the following product in that category: Hersh"
QID9_33,Product Preferences - Pricing,binary,0.5733722060252673,0.8391642371234208,0.565597667638484,0.5937803692905733,0.4881634730804719,0.1608357628765792,0.43440233236151604,0.4062196307094266,"Please consider the following product category: Batteries. Suppose you are in a grocery store, and you see the following product in that category: Duracell Copp"
QID9_34,Product Preferences - Pricing,binary,0.5714285714285714,0.8357628765792031,0.5660835762876579,0.5796890184645287,0.4902124114952103,0.1642371234207968,0.43391642371234207,0.4203109815354713,"Please consider the following product category: Fresh Eggs. Suppose you are in a grocery store, and you see the following product in that category: Eggland's Be"
QID9_35,Product Preferences - Pricing,binary,0.5602526724975705,0.8372206025267249,0.5699708454810496,0.6005830903790087,0.4902213835693933,0.162779397473275,0.43002915451895046,0.39941690962099125,"Please consider the following product category: Fruit Juice. Suppose you are in a grocery store, and you see the following product in that category: Capri Sun V"
QID9_36,Product Preferences - Pricing,binary,0.5738581146744413,0.8333333333333334,0.5558794946550049,0.5894071914480078,0.4870084365830185,0.1666666666666666,0.44412050534499514,0.4105928085519922,"Please consider the following product category: Cold Remedies - Adult. Suppose you are in a grocery store, and you see the following product in that category: E"
QID9_37,Product Preferences - Pricing,binary,0.5578231292517006,0.8459669582118562,0.5558794946550049,0.5928085519922255,0.4908966502052715,0.1540330417881438,0.44412050534499514,0.4071914480077745,"Please consider the following product category: Cookies. Suppose you are in a grocery store, and you see the following product in that category: Little Debbie O"
QID9_38,Product Preferences - Pricing,binary,0.5621963070942663,0.8138969873663752,0.5719144800777454,0.5840621963070942,0.4913565870607579,0.1861030126336249,0.42808551992225463,0.4159378036929057,"Please consider the following product category: Frankfurters - Refrigerated. Suppose you are in a grocery store, and you see the following product in that categ"
QID9_39,Product Preferences - Pricing,binary,0.5816326530612245,0.8391642371234208,0.5743440233236151,0.6229348882410107,0.4843715912020785,0.1608357628765792,0.42565597667638483,0.3770651117589893,"Please consider the following product category: Ice Cream. Suppose you are in a grocery store, and you see the following product in that category: Haagen Dazs C"
QID9_40,Product Preferences - Pricing,binary,0.5524781341107872,0.8328474246841594,0.5641399416909622,0.5962099125364432,0.4909221497845285,0.1671525753158406,0.4358600583090379,0.4037900874635568,"Please consider the following product category: Detergents - Heavy Duty - Liquid. Suppose you are in a grocery store, and you see the following product in that "
QID162,Outcome bias - failure,ordinal_short,0.4870775347912525,0.4831013916500994,0.4761431411530815,0.4900596421471173,0.1912135536680513,0.1598740888005301,0.1746189529489728,0.1678263750828363,A 55-year-old man had a heart condition. He had to stop working because of chest pain. He enjoyed his work and did not want to stop. His pain also interfered wi
QID163,Anchoring - African countries low ,binary,0.7984031936127745,0.7944111776447106,0.7984031936127745,0.7994011976047904,0.3767076625192728,0.2055888223552894,0.20159680638722555,0.20059880239520958,Do you think there are more or fewer than 12 African countries in the United Nations?
QID164_TEXT,Anchoring - African countries low ,continuous,0.0778443113772455,0.2405189620758483,0.06487025948103792,0.14770459081836326,0.0884052254771893,0.0555139720558882,0.10424151696606787,0.09488023952095809,How many African countries do you think are in the United Nations?
QID167,Anchoring - redwood low,binary,0.9437559580552908,0.9380362249761678,0.9437559580552908,0.9437559580552908,0.1120836858563378,0.0619637750238322,0.05624404194470925,0.05624404194470925,Is the tallest redwood tree in the world more or less than 85 feet tall?
QID168_TEXT,Anchoring - redwood low,text,0.0934223069590085,0.219256434699714,0.10581506196377502,0.10009532888465204,0.0356145089479567,0.0235353915638706,0.03874090729918687,0.038567379436343294,How tall do you think the tallest redwood tree in the world is? Enter a number of feet.
QID182_TEXT,Sunk cost - yes,ordinal_long,0.2189638318670576,0.2795698924731182,0.19550342130987292,0.2013685239491691,0.2456900382120323,0.2435483870967742,0.2958944281524927,0.312316715542522,"Imagine that you just paid $50 for a Coffee Connection discount card that allows you to buy coffee for 50% off the regular price of $3.00 (i.e., you pay $1.50)."
QID190,WTA/WTP Thaler problem - WTA certainty,ordinal_short,0.3105497771173848,0.4264487369985141,0.3164933135215453,0.2986627043090639,0.2731188430072803,0.155027241208519,0.3037807495459799,0.29420505200594355,Imagine that a group of research scientists in the School of Medicine are running a laboratory experiment on a vaccine for a rare and fatal virus. The possibili
QID194,Myside Ford,ordinal_short,0.3497536945812808,0.4532019704433497,0.3251231527093596,0.3251231527093596,0.1992535611152903,0.1564532019704433,0.20354679802955666,0.21123152709359605,"According to a comprehensive study by the U.S. Department of Transportation, Ford Explorers are 8 times more likely than a typical family car to kill occupants "
QID198_1,Probability matching vs. maximizing - Problem 1,binary,0.9215116279069768,0.873062015503876,0.9215116279069767,0.9215116279069767,0.143839012078601,0.126937984496124,0.07848837209302326,0.07848837209302326,Consider the following hypothetical situation: A deck with 10 cards is randomly shuffled 10 separate times. The 10 cards are composed of 7 cards with the number
QID198_2,Probability matching vs. maximizing - Problem 1,binary,0.8701550387596899,0.8265503875968992,0.8701550387596899,0.8701550387596899,0.2338613965506881,0.1734496124031007,0.1298449612403101,0.1298449612403101,Consider the following hypothetical situation: A deck with 10 cards is randomly shuffled 10 separate times. The 10 cards are composed of 7 cards with the number
QID198_3,Probability matching vs. maximizing - Problem 1,binary,0.7722868217054264,0.7383720930232558,0.7722868217054264,0.7742248062015504,0.3643842767862507,0.2616279069767442,0.22771317829457363,0.22577519379844962,Consider the following hypothetical situation: A deck with 10 cards is randomly shuffled 10 separate times. The 10 cards are composed of 7 cards with the number
QID198_4,Probability matching vs. maximizing - Problem 1,binary,0.7926356589147286,0.7267441860465116,0.7926356589147286,0.7916666666666666,0.3434739498828195,0.2732558139534883,0.20736434108527133,0.20833333333333334,Consider the following hypothetical situation: A deck with 10 cards is randomly shuffled 10 separate times. The 10 cards are composed of 7 cards with the number
QID198_5,Probability matching vs. maximizing - Problem 1,binary,0.7945736434108527,0.7383720930232558,0.7945736434108527,0.7926356589147286,0.3241692205997236,0.2616279069767442,0.2054263565891473,0.20736434108527133,Consider the following hypothetical situation: A deck with 10 cards is randomly shuffled 10 separate times. The 10 cards are composed of 7 cards with the number
QID198_6,Probability matching vs. maximizing - Problem 1,binary,0.75,0.7093023255813954,0.75,0.748062015503876,0.376937984496124,0.2906976744186046,0.25,0.25193798449612403,Consider the following hypothetical situation: A deck with 10 cards is randomly shuffled 10 separate times. The 10 cards are composed of 7 cards with the number
QID198_7,Probability matching vs. maximizing - Problem 1,binary,0.7383720930232558,0.6967054263565892,0.7383720930232558,0.7364341085271318,0.3840476834324861,0.3032945736434108,0.2616279069767442,0.26356589147286824,Consider the following hypothetical situation: A deck with 10 cards is randomly shuffled 10 separate times. The 10 cards are composed of 7 cards with the number
QID198_8,Probability matching vs. maximizing - Problem 1,binary,0.6986434108527132,0.6598837209302325,0.6986434108527132,0.687984496124031,0.4253162370049877,0.3401162790697674,0.3013565891472868,0.312015503875969,Consider the following hypothetical situation: A deck with 10 cards is randomly shuffled 10 separate times. The 10 cards are composed of 7 cards with the number
QID198_9,Probability matching vs. maximizing - Problem 1,binary,0.6744186046511628,0.6705426356589147,0.6686046511627907,0.6734496124031008,0.4283396430502975,0.3294573643410852,0.3313953488372093,0.32655038759689925,Consider the following hypothetical situation: A deck with 10 cards is randomly shuffled 10 separate times. The 10 cards are composed of 7 cards with the number
QID198_10,Probability matching vs. maximizing - Problem 1,binary,0.7093023255813954,0.6967054263565892,0.7093023255813954,0.7122093023255814,0.4200919415900486,0.3032945736434108,0.29069767441860467,0.2877906976744186,Consider the following hypothetical situation: A deck with 10 cards is randomly shuffled 10 separate times. The 10 cards are composed of 7 cards with the number
QID156,Base-rate 70 engineers,continuous,0.4098522167487685,0.2817733990147783,0.40492610837438425,0.4088669950738916,0.1178354922468392,0.1467487684729064,0.1065615763546798,0.10640394088669951,"A panel of psychologist have interviewed and administered personality tests to 70 engineers and 30 lawyers, all successful in their respective fields. On the ba"
QID157,Disease - gain ,ordinal_short,0.2951146560319043,0.3998005982053838,0.26321036889332006,0.3040877367896311,0.1960606714254047,0.1946161515453639,0.21794616151545365,0.2161515453639083,"Imagine that the U.S. is preparing for the outbreak of an unusual disease, which is expected to kill 600 people. Two alternative programs to combat the disease "
QID172,Less is More Gamble B ,ordinal_short,0.1889880952380952,0.4404761904761904,0.21279761904761904,0.2767857142857143,0.329577664399093,0.2462797619047619,0.45610119047619047,0.38950892857142855,"Please rate your level of disagreement or agreement with the following statement: ""I would find a game that had a 7/36 chance of winning $9 and a 29/36 chance o"
QID175,Proportion dominance 1B,ordinal_short,0.5357142857142857,0.6071428571428571,0.5357142857142857,0.5342261904761905,0.2088116496598639,0.1328125,0.19605654761904762,0.1949404761904762,Imagine that highway safety experts have determined that a substantial number of people are at risk of dying in a type of automobile fire. A requirement that ev
QID178,Proportion dominance 2B ,ordinal_short,0.3571428571428571,0.5059523809523809,0.3556547619047619,0.37648809523809523,0.2273118622448979,0.1419642857142857,0.2532738095238095,0.23363095238095238,"You have recently graduated from university, obtained a good job, and are buying a new car. A newly designed seatbelt has just become available that would save "
QID183,Absolute vs. relative - calculator,binary,0.7264791464597479,0.8089233753637245,0.7187196896217265,0.7274490785645005,0.3925816657431457,0.1910766246362754,0.2812803103782735,0.2725509214354995,Imagine that you go to purchase a calculator for $30. The calculator salesperson informs you that the calculator you wish to buy is on sale for $20 at the other
QID193,Allais Form 2,binary,0.6226415094339622,0.7090367428003972,0.5888778550148958,0.579940417080437,0.4823405969534017,0.2909632571996027,0.41112214498510424,0.4200595829195631,Choose between:
QID159_1,Linda -no conjunction ,ordinal_short,0.3896987366375121,0.3731778425655976,0.3673469387755102,0.4033041788143829,0.1732917406862786,0.182312925170068,0.1749271137026239,0.16909620991253643,"Linda is 31 years old, single, outspoken, and very bright. She majored in philosophy. As a student, she was deeply concerned with issues of discrimination and s"
QID159_2,Linda -no conjunction ,ordinal_short,0.3352769679300291,0.3838678328474247,0.30612244897959184,0.3401360544217687,0.1928748508982935,0.1766763848396501,0.19650145772594751,0.18969873663751216,"Linda is 31 years old, single, outspoken, and very bright. She majored in philosophy. As a student, she was deeply concerned with issues of discrimination and s"
QID159_3,Linda -no conjunction ,ordinal_short,0.3790087463556851,0.4518950437317784,0.3877551020408163,0.3965014577259475,0.1547106694961755,0.1438289601554907,0.15276967930029156,0.15762876579203108,"Linda is 31 years old, single, outspoken, and very bright. She majored in philosophy. As a student, she was deeply concerned with issues of discrimination and s"
QID173,Less is More Gamble C ,ordinal_short,0.2903225806451613,0.4178187403993855,0.26881720430107525,0.31797235023041476,0.309104980875458,0.2427035330261136,0.3191244239631336,0.3160522273425499,"Please rate your level of disagreement or agreement with the following statement: ""I would find a game that had a 7/36 chance of winning $9 and a 29/36 chance o"
QID176,Proportion dominance 1C,ordinal_short,0.5668202764976958,0.6451612903225806,0.5668202764976958,0.5668202764976958,0.2051487608571004,0.1217357910906298,0.1816436251920123,0.1774193548387097,Imagine that highway safety experts have determined that a substantial number of people are at risk of dying in a type of automobile fire. A requirement that ev
QID179,Proportion dominance 2C,ordinal_short,0.3548387096774194,0.4915514592933948,0.3379416282642089,0.3563748079877112,0.218191084966765,0.1431643625192012,0.24884792626728108,0.22642089093701995,"You have recently graduated from university, obtained a good job, and are buying a new car. A newly designed seatbelt has just become available that would save "
QID189,WTA/WTP Thaler problem - WTP certainty,ordinal_short,0.2991573033707865,0.4747191011235955,0.30337078651685395,0.3061797752808989,0.1579880837155802,0.100187265917603,0.149812734082397,0.15340199750312108,"Imagine that when you went to the movies last week, you were inadvertently exposed to a rare and fatal virus. The possibility of actually contracting the diseas"
