variable,column,category,sample,us_adult,diff_pp,ratio,unmapped_n
region,QID11,South,0.40842311459353575,0.384,2.4423114593535744,1.063601860920666,16
region,QID11,West,0.24191968658178256,0.238,0.3919686581782572,1.0164692713520276,16
region,QID11,Midwest,0.1821743388834476,0.207,-2.4825661116552378,0.880069269968346,16
region,QID11,Northeast,0.16748285994123407,0.171,-0.35171400587659385,0.979431929480901,16
sex,QID12,Male,0.49271137026239065,0.494,-0.1288629737609348,0.9973914377781188,0
sex,QID12,Female,0.5072886297376094,0.506,0.1288629737609348,1.0025466990861844,0
age,QID13,18-29,0.18853255587949466,0.206,-1.7467444120505327,0.9152065819392945,0
age,QID13,30-49,0.35714285714285715,0.331,2.6142857142857134,1.0789814415192058,0
age,QID13,50-64,0.3197278911564626,0.243,7.672789115646261,1.3157526385039613,0
age,QID13,65+,0.1345966958211856,0.22,-8.540330417881439,0.611803162823571,0
education,QID14,Less than high school,0.00826044703595724,0.09,-8.173955296404275,0.09178274484396934,0
education,QID14,High school graduate,0.13216715257531583,0.275,-14.28328474246842,0.480607827546603,0
education,QID14,"Some college, no degree",0.22740524781341107,0.148,7.940524781341107,1.53652194468521,0
education,QID14,Associate's degree,0.12293488824101069,0.087,3.5934888241010694,1.4130446924254103,0
education,QID14,College graduate/some postgrad,0.35714285714285715,0.234,12.314285714285713,1.5262515262515262,0
education,QID14,Postgraduate,0.152089407191448,0.146,0.6089407191448015,1.0417082684345755,0
race,QID15,White,0.6993833504624871,0.587,11.238335046248714,1.191453748658411,112
race,QID15,Hispanic,0.09969167523124357,0.194,-9.430832476875644,0.513874614594039,112
race,QID15,Black,0.1289825282631038,0.123,0.5982528263103803,1.0486384411634455,112
race,QID15,Asian,0.07194244604316546,0.062,0.9942446043165465,1.1603620329542816,112
